{
    "Agent": {
        "total": 30.650385856628418
    },
    "Env": {
        "apply_act": 10.995116233825684,
        "observation_computation": 4.399062871932983,
        "powerflow_computation": 28.895298719406128,
        "total": 44.289477825164795
    },
    "total": 75.56973505020142
}