{
    "Agent": {
        "total": 25.29339075088501
    },
    "Env": {
        "apply_act": 8.996670246124268,
        "observation_computation": 3.703476905822754,
        "powerflow_computation": 17.728177309036255,
        "total": 30.428324460983276
    },
    "total": 56.19142031669617
}